Ikebukuro,…
Kita-Ikebukuro,…
Shimo-Itabashi,…
Oyama,…
Naka-Itabashi,…
Tokiwadai,…
Kami-Itabashi,…
Tobu-Nerima,…
Shimo-Akatsuka,…
Narimasu,…
Wakoshi,…
Asaka,…
Asakadai,…
Shiki,…
Yanasegawa,…
Mizuhodai,…
Tsuruse,…
Fujimino,…
Kami-Fukuoka,…
Shingashi,…
Kawagoe,…
Kawagoeshi,…
Kasumigaseki,…
Tsurugashima,…
Wakaba,…
Sakado,…
Kita-Sakado,…
Takasaka,…
Higashi-Matsuyama,…
Shinrinkoen,…
Tsukinowa,…
Musashi-Ranzan,…
Ogawamachi,…
Tobu-Takezawa,…
Minami-Yorii,…
Obusuma,…
Hachigata,…
Tamayodo,…
Yorii,…
Ippommatsu,…
Nishi-Oya,…
Kawakado,…
Bushu-Nagase,…
Higashi-Moro,…
Bushu-Karasawa,…
Ogose,…